City,State,ZIP Code
Albuquerque,NM,87001
Albuquerque,NM,87002
Albuquerque,NM,87004
Albuquerque,NM,87006
Albuquerque,NM,87008
Albuquerque,NM,87009
Albuquerque,NM,87013
Albuquerque,NM,87014
Albuquerque,NM,87015
Albuquerque,NM,87016
Albuquerque,NM,87018
Albuquerque,NM,87022
Albuquerque,NM,87023
Albuquerque,NM,87024
Albuquerque,NM,87025
Albuquerque,NM,87026
Albuquerque,NM,87027
Albuquerque,NM,87031
Albuquerque,NM,87032
Albuquerque,NM,87035
Albuquerque,NM,87036
Albuquerque,NM,87041
Albuquerque,NM,87042
Albuquerque,NM,87043
Albuquerque,NM,87044
Albuquerque,NM,87046
Albuquerque,NM,87047
Albuquerque,NM,87048
Albuquerque,NM,87052
Albuquerque,NM,87053
Albuquerque,NM,87059
Albuquerque,NM,87060
Albuquerque,NM,87061
Albuquerque,NM,87062
Albuquerque,NM,87063
Albuquerque,NM,87068
Albuquerque,NM,87070
Albuquerque,NM,87072
Albuquerque,NM,87083
Albuquerque,NM,87101
Albuquerque,NM,87102
Albuquerque,NM,87103
Albuquerque,NM,87104
Albuquerque,NM,87105
Albuquerque,NM,87106
Albuquerque,NM,87107
Albuquerque,NM,87108
Albuquerque,NM,87109
Albuquerque,NM,87110
Albuquerque,NM,87111
Albuquerque,NM,87112
Albuquerque,NM,87113
Albuquerque,NM,87114
Albuquerque,NM,87115
Albuquerque,NM,87116
Albuquerque,NM,87117
Albuquerque,NM,87119
Albuquerque,NM,87120
Albuquerque,NM,87121
Albuquerque,NM,87122
Albuquerque,NM,87123
Albuquerque,NM,87124
Albuquerque,NM,87125
Albuquerque,NM,87144
Albuquerque,NM,87151
Albuquerque,NM,87153
Albuquerque,NM,87154
Albuquerque,NM,87174
Albuquerque,NM,87176
Albuquerque,NM,87181
Albuquerque,NM,87184
Albuquerque,NM,87185
Albuquerque,NM,87187
Albuquerque,NM,87190
Albuquerque,NM,87191
Albuquerque,NM,87192
Albuquerque,NM,87193
Albuquerque,NM,87194
Albuquerque,NM,87195
Albuquerque,NM,87196
Albuquerque,NM,87197
Albuquerque,NM,87198
Albuquerque,NM,87199
Albuquerque,NM,87544
Albuquerque,NM,88301
Albuquerque,NM,88318
Albuquerque,NM,88321
Buffalo,NY,14001
Buffalo,NY,14004
Buffalo,NY,14006
Buffalo,NY,14008
Buffalo,NY,14009
Buffalo,NY,14010
Buffalo,NY,14012
Buffalo,NY,14013
Buffalo,NY,14025
Buffalo,NY,14026
Buffalo,NY,14027
Buffalo,NY,14028
Buffalo,NY,14030
Buffalo,NY,14031
Buffalo,NY,14032
Buffalo,NY,14033
Buffalo,NY,14034
Buffalo,NY,14035
Buffalo,NY,14036
Buffalo,NY,14037
Buffalo,NY,14038
Buffalo,NY,14043
Buffalo,NY,14047
Buffalo,NY,14051
Buffalo,NY,14052
Buffalo,NY,14055
Buffalo,NY,14057
Buffalo,NY,14059
Buffalo,NY,14061
Buffalo,NY,14067
Buffalo,NY,14068
Buffalo,NY,14069
Buffalo,NY,14070
Buffalo,NY,14072
Buffalo,NY,14075
Buffalo,NY,14080
Buffalo,NY,14081
Buffalo,NY,14085
Buffalo,NY,14086
Buffalo,NY,14091
Buffalo,NY,14092
Buffalo,NY,14094
Buffalo,NY,14095
Buffalo,NY,14098
Buffalo,NY,14102
Buffalo,NY,14103
Buffalo,NY,14105
Buffalo,NY,14107
Buffalo,NY,14108
Buffalo,NY,14109
Buffalo,NY,14110
Buffalo,NY,14111
Buffalo,NY,14112
Buffalo,NY,14120
Buffalo,NY,14126
Buffalo,NY,14127
Buffalo,NY,14131
Buffalo,NY,14132
Buffalo,NY,14134
Buffalo,NY,14139
Buffalo,NY,14140
Buffalo,NY,14141
Buffalo,NY,14144
Buffalo,NY,14145
Buffalo,NY,14150
Buffalo,NY,14151
Buffalo,NY,14169
Buffalo,NY,14170
Buffalo,NY,14172
Buffalo,NY,14173
Buffalo,NY,14174
Buffalo,NY,14201
Buffalo,NY,14202
Buffalo,NY,14203
Buffalo,NY,14204
Buffalo,NY,14205
Buffalo,NY,14206
Buffalo,NY,14207
Buffalo,NY,14208
Buffalo,NY,14209
Buffalo,NY,14210
Buffalo,NY,14211
Buffalo,NY,14212
Buffalo,NY,14213
Buffalo,NY,14214
Buffalo,NY,14215
Buffalo,NY,14216
Buffalo,NY,14217
Buffalo,NY,14218
Buffalo,NY,14219
Buffalo,NY,14220
Buffalo,NY,14221
Buffalo,NY,14222
Buffalo,NY,14223
Buffalo,NY,14224
Buffalo,NY,14225
Buffalo,NY,14226
Buffalo,NY,14227
Buffalo,NY,14228
Buffalo,NY,14231
Buffalo,NY,14233
Buffalo,NY,14240
Buffalo,NY,14260
Buffalo,NY,14261
Buffalo,NY,14263
Buffalo,NY,14272
Buffalo,NY,14273
Buffalo,NY,14280
Buffalo,NY,14301
Buffalo,NY,14302
Buffalo,NY,14303
Buffalo,NY,14304
Buffalo,NY,14305
San Diego,CA,91901
San Diego,CA,91902
San Diego,CA,91903
San Diego,CA,91905
San Diego,CA,91906
San Diego,CA,91908
San Diego,CA,91910
San Diego,CA,91911
San Diego,CA,91912
San Diego,CA,91913
San Diego,CA,91914
San Diego,CA,91915
San Diego,CA,91916
San Diego,CA,91917
San Diego,CA,91921
San Diego,CA,91931
San Diego,CA,91932
San Diego,CA,91933
San Diego,CA,91934
San Diego,CA,91935
San Diego,CA,91941
San Diego,CA,91942
San Diego,CA,91943
San Diego,CA,91944
San Diego,CA,91945
San Diego,CA,91946
San Diego,CA,91948
San Diego,CA,91950
San Diego,CA,91951
San Diego,CA,91962
San Diego,CA,91963
San Diego,CA,91976
San Diego,CA,91977
San Diego,CA,91978
San Diego,CA,91979
San Diego,CA,91980
San Diego,CA,92003
San Diego,CA,92004
San Diego,CA,92007
San Diego,CA,92008
San Diego,CA,92009
San Diego,CA,92010
San Diego,CA,92011
San Diego,CA,92013
San Diego,CA,92014
San Diego,CA,92018
San Diego,CA,92019
San Diego,CA,92020
San Diego,CA,92021
San Diego,CA,92022
San Diego,CA,92023
San Diego,CA,92024
San Diego,CA,92025
San Diego,CA,92026
San Diego,CA,92027
San Diego,CA,92028
San Diego,CA,92029
San Diego,CA,92030
San Diego,CA,92033
San Diego,CA,92036
San Diego,CA,92037
San Diego,CA,92038
San Diego,CA,92039
San Diego,CA,92040
San Diego,CA,92046
San Diego,CA,92049
San Diego,CA,92051
San Diego,CA,92052
San Diego,CA,92054
San Diego,CA,92055
San Diego,CA,92056
San Diego,CA,92057
San Diego,CA,92058
San Diego,CA,92059
San Diego,CA,92060
San Diego,CA,92061
San Diego,CA,92064
San Diego,CA,92065
San Diego,CA,92066
San Diego,CA,92067
San Diego,CA,92068
San Diego,CA,92069
San Diego,CA,92070
San Diego,CA,92071
San Diego,CA,92072
San Diego,CA,92074
San Diego,CA,92075
San Diego,CA,92078
San Diego,CA,92079
San Diego,CA,92081
San Diego,CA,92082
San Diego,CA,92083
San Diego,CA,92084
San Diego,CA,92085
San Diego,CA,92086
San Diego,CA,92088
San Diego,CA,92091
San Diego,CA,92092
San Diego,CA,92093
San Diego,CA,92096
San Diego,CA,92101
San Diego,CA,92102
San Diego,CA,92103
San Diego,CA,92104
San Diego,CA,92105
San Diego,CA,92106
San Diego,CA,92107
San Diego,CA,92108
San Diego,CA,92109
San Diego,CA,92110
San Diego,CA,92111
San Diego,CA,92112
San Diego,CA,92113
San Diego,CA,92114
San Diego,CA,92115
San Diego,CA,92116
San Diego,CA,92117
San Diego,CA,92118
San Diego,CA,92119
San Diego,CA,92120
San Diego,CA,92121
San Diego,CA,92122
San Diego,CA,92123
San Diego,CA,92124
San Diego,CA,92126
San Diego,CA,92127
San Diego,CA,92128
San Diego,CA,92129
San Diego,CA,92130
San Diego,CA,92131
San Diego,CA,92132
San Diego,CA,92134
San Diego,CA,92135
San Diego,CA,92136
San Diego,CA,92137
San Diego,CA,92138
San Diego,CA,92139
San Diego,CA,92140
San Diego,CA,92142
San Diego,CA,92143
San Diego,CA,92145
San Diego,CA,92147
San Diego,CA,92149
San Diego,CA,92150
San Diego,CA,92152
San Diego,CA,92153
San Diego,CA,92154
San Diego,CA,92155
San Diego,CA,92159
San Diego,CA,92160
San Diego,CA,92163
San Diego,CA,92165
San Diego,CA,92166
San Diego,CA,92167
San Diego,CA,92168
San Diego,CA,92169
San Diego,CA,92170
San Diego,CA,92171
San Diego,CA,92172
San Diego,CA,92173
San Diego,CA,92174
San Diego,CA,92175
San Diego,CA,92176
San Diego,CA,92177
San Diego,CA,92178
San Diego,CA,92179
San Diego,CA,92182
San Diego,CA,92191
San Diego,CA,92192
San Diego,CA,92193
San Diego,CA,92195
San Diego,CA,92196
San Diego,CA,92198
San Diego,CA,92536
San Diego,CA,92672
Abilene,TX,76437
Abilene,TX,76443
Abilene,TX,76464
Abilene,TX,76469
Abilene,TX,79501
Abilene,TX,79503
Abilene,TX,79504
Abilene,TX,79508
Abilene,TX,79510
Abilene,TX,79519
Abilene,TX,79520
Abilene,TX,79521
Abilene,TX,79525
Abilene,TX,79530
Abilene,TX,79533
Abilene,TX,79536
Abilene,TX,79541
Abilene,TX,79553
Abilene,TX,79560
Abilene,TX,79561
Abilene,TX,79562
Abilene,TX,79563
Abilene,TX,79566
Abilene,TX,79567
Abilene,TX,79601
Abilene,TX,79602
Abilene,TX,79603
Abilene,TX,79604
Abilene,TX,79605
Abilene,TX,79606
Abilene,TX,79607
Abilene,TX,79608
Abilene,TX,79699
Denver,CO,80001
Denver,CO,80002
Denver,CO,80003
Denver,CO,80004
Denver,CO,80005
Denver,CO,80006
Denver,CO,80007
Denver,CO,80010
Denver,CO,80011
Denver,CO,80012
Denver,CO,80013
Denver,CO,80014
Denver,CO,80015
Denver,CO,80016
Denver,CO,80017
Denver,CO,80018
Denver,CO,80019
Denver,CO,80020
Denver,CO,80021
Denver,CO,80022
Denver,CO,80023
Denver,CO,80024
Denver,CO,80026
Denver,CO,80027
Denver,CO,80030
Denver,CO,80031
Denver,CO,80033
Denver,CO,80034
Denver,CO,80035
Denver,CO,80036
Denver,CO,80037
Denver,CO,80038
Denver,CO,80040
Denver,CO,80041
Denver,CO,80042
Denver,CO,80044
Denver,CO,80045
Denver,CO,80046
Denver,CO,80047
Denver,CO,80101
Denver,CO,80102
Denver,CO,80103
Denver,CO,80104
Denver,CO,80105
Denver,CO,80106
Denver,CO,80107
Denver,CO,80108
Denver,CO,80109
Denver,CO,80110
Denver,CO,80111
Denver,CO,80112
Denver,CO,80113
Denver,CO,80116
Denver,CO,80117
Denver,CO,80118
Denver,CO,80120
Denver,CO,80121
Denver,CO,80122
Denver,CO,80123
Denver,CO,80124
Denver,CO,80125
Denver,CO,80126
Denver,CO,80127
Denver,CO,80128
Denver,CO,80129
Denver,CO,80130
Denver,CO,80131
Denver,CO,80133
Denver,CO,80134
Denver,CO,80135
Denver,CO,80136
Denver,CO,80137
Denver,CO,80138
Denver,CO,80150
Denver,CO,80151
Denver,CO,80155
Denver,CO,80160
Denver,CO,80161
Denver,CO,80162
Denver,CO,80163
Denver,CO,80201
Denver,CO,80202
Denver,CO,80203
Denver,CO,80204
Denver,CO,80205
Denver,CO,80206
Denver,CO,80207
Denver,CO,80209
Denver,CO,80210
Denver,CO,80211
Denver,CO,80212
Denver,CO,80214
Denver,CO,80215
Denver,CO,80216
Denver,CO,80217
Denver,CO,80218
Denver,CO,80219
Denver,CO,80220
Denver,CO,80221
Denver,CO,80222
Denver,CO,80223
Denver,CO,80224
Denver,CO,80225
Denver,CO,80226
Denver,CO,80227
Denver,CO,80228
Denver,CO,80229
Denver,CO,80230
Denver,CO,80231
Denver,CO,80232
Denver,CO,80233
Denver,CO,80234
Denver,CO,80235
Denver,CO,80236
Denver,CO,80237
Denver,CO,80238
Denver,CO,80239
Denver,CO,80241
Denver,CO,80246
Denver,CO,80247
Denver,CO,80248
Denver,CO,80249
Denver,CO,80250
Denver,CO,80260
Denver,CO,80264
Denver,CO,80265
Denver,CO,80266
Denver,CO,80290
Denver,CO,80293
Denver,CO,80294
Denver,CO,80299
Denver,CO,80303
Denver,CO,80401
Denver,CO,80402
Denver,CO,80403
Denver,CO,80419
Denver,CO,80420
Denver,CO,80421
Denver,CO,80422
Denver,CO,80425
Denver,CO,80427
Denver,CO,80432
Denver,CO,80433
Denver,CO,80436
Denver,CO,80437
Denver,CO,80438
Denver,CO,80439
Denver,CO,80440
Denver,CO,80444
Denver,CO,80448
Denver,CO,80449
Denver,CO,80452
Denver,CO,80453
Denver,CO,80454
Denver,CO,80456
Denver,CO,80457
Denver,CO,80465
Denver,CO,80466
Denver,CO,80470
Denver,CO,80474
Denver,CO,80475
Denver,CO,80476
Denver,CO,80516
Denver,CO,80601
Denver,CO,80602
Denver,CO,80603
Denver,CO,80614
Denver,CO,80640
Denver,CO,80642
Denver,CO,80643
Denver,CO,80654
Denver,CO,80701
Denver,CO,80808
Denver,CO,80816
Denver,CO,80820
Denver,CO,80827
Denver,CO,80828
Denver,CO,80830
Denver,CO,80831
Denver,CO,80832
Denver,CO,80833
Denver,CO,80835
Denver,CO,80863
